,yas,maas
count,25.0,25.0
mean,32.56,8724.0
std,6.782821438506742,1739.5593311717387
min,22.0,6000.0
25%,27.0,7300.0
50%,32.0,8800.0
75%,38.0,10000.0
max,45.0,12000.0
